<?xml version="1.0" encoding="UTF-8"?>
<!DOCTYPE suite SYSTEM "https://testng.org/testng-1.0.dtd" >
<suite name=" Pepper Fry test Suite" verbose="2">
	<listeners>
		<listener class-name="MainClass.ListenerForAll"></listener>
	</listeners>
	<test name="verify Pepper Fry Test Case">
		<classes>
			<class name="TestCases.LoginModule" />
			<class name="TestCases.LivingModule" />
			<class name="TestCases.AppliancesModule" />
			<class name="TestCases.ModularFurnitureModule" />
			<class name="TestCases.FurnitureModule" />
			<class name="TestCases.KidsRoomModule" />
			<class name="TestCases.DecorModule" />
			<class name="TestCases.LightingModule" />
			<class name="TestCases.BedRoomModule" />
		</classes>
	</test>
</suite>
